name,DataCracy_role
slackbot,BTC
loclexuan26392,BTC
locle.ds,BTC
maianhdang.ftu,BTC
huyenhoang.design,BTC
dr.tringuyenzmc,BTC
khanguyenwk,Volunteer
linhphan,BTC
tt.thuchuyen,BTC
thuongthuong.dv,BTC
duongliengia,BTC
phanthuylinh8396,Learner_Gr3
hoangquocviet.208,Learner_Gr4
thgiang.phan,Learner_Gr1
huyenngoc2017,Learner_Gr1
nhuhai03,Learner_Gr1
trangnguyen.n3t,Learner_Gr3
nhduyen1995,Volunteer
hanhdinh.201099,
danhpcv,Learner_Gr3
cnhhoang850,Learner_Gr2
minhnguyentk95,Learner_Gr2
lovelylife.158,Learner_Gr2
lienanhhuong96,Learner_Gr2
thao,Learner_Gr3
doithihong92,Learner_Gr1
hieulam1312,Learner_Gr2
letanthanh273,Mentor_Gr4
baongoc.vuthi,Learner_Gr2
thienphu.71,Mentor_Gr1
nvlinh.dth,Learner_Gr1
levy6543,Learner_Gr4
auslyn.nguyen,Learner_Gr4
chuviethong.vn,Learner_Gr1
t.hung2306,Volunteer
tranquan030894,Learner_Gr4
nganho124,Learner_Gr3
dr.thuongnguyen,Mentor_Gr2
nguyenthithutram2413,Mentor_Gr3
duongphannamhung,Learner_Gr1
toantran2206,Learner_Gr2
trang.ngo1709,Learner_Gr1
hanh.nguyenhong2511,Learner_Gr4
phamtran30996,Learner_Gr3
vukhanhlinh.3526,Learner_Gr4
ngocha.nt1476,Learner_Gr2
ngttnguyen,Learner_Gr3
phuonghoaiftu2.k55,Learner_Gr3
sondaoxuan.aof,
dinhtuan3955,Learner_Gr2
phuongttn50.hrc,Learner_Gr3
nqlong,Mentor_Gr3
datvt19414c,Learner_Gr4
huynhphuoc14111998,Learner_Gr1
lengocmy713,
huynhanh.ha94,Learner_Gr4
nguyenhuynhanhthu94,Learner_Gr4
letam.brando,Learner_Gr1
trangh,Learner_Gr1
tranctan96,Mentor_Gr2
thuynh.386,Mentor_Gr4
huongntn2202,
mquang.151999,
lamlv723,
vuthanhdat.contact,Learner_Gr4